0,TOI TimesPoints
1,Visit TOI Daily & Earn Times Points
2,"How Bengaluru, Indiaâ€™s Silicon Valley, saw its Covid success come undone"
3,ENTERTAINMENTSelect CitySelect a CityCloseYour current city: searchcloseSorry! No result found.Coronavirus live news | Mamata Banerjee | Sonia Gandhi
4,LATEST NEWS
5,City
6,Entertainment
7,#Covid-19 Outbreak
8,TECH
9,NEWS
10,Reviews
11,Top Gadgets
12,Health & Fitness
13,Opinions And Features
14,Good News
15,World
16,Shopping Destination (SPONSORED)
17,Times Initiatives
18,Videos
19,Trending
20,Entertainment
21,City
22,News
23,Sports
24,TV
25,Business
26,Tech News
27,Navbharat Times
28,Coupons & Offers
29,Epaper: Online replica of print
30,Business
31,Auto
32,Sports
33,Education
34,Lifestyle
35,Beauty Pageants
36,Femina
37,Featured
38,Times Food
39,Travel
40,Spirituality
41,Television Highlights
42,Most Searched Products
43,Real Estate
44,Citizen Reporter
45,Blogs
46,Women
47,Science
48,Astrology
49,Environment
50,Sunday Times
51,nri
52,Access Times of India News on the move!
53,More From Our Network
54,Other Times Group news sites
55,Living and entertainment
56,top trends
57,services
58,Popular Categories
59,hot on the web
60,Trending topics
61,Follow us on
62,download toi app
