0,Oppn CMs target Centre at Sonia-led meet
1,'China port deal mistake': Lanka warms up to India
2,'Flights from 6 states to Kol to resume from Sept'
3,Accenture to lay off thousands of staff in India
4,"Live: Lockdown in Bengal on Sept 7, 11 and 12"
5,Women report irregular periods due to Covid stress
6,Can face masks impact your oxygen intake?
7,'Acted like I didn't understand what Dhoni said'
8,Balasubrahmanyam ‘conscious and responsive': Hosp
9,Accenture to lay off thousands of staff in India
10,'China port deal mistake': Lanka warms up to India
11,Oppn CMs target Centre at Sonia-led meet
12,'Flights from 6 states to Kol to resume from Sept'
13,"Fake: Old pic claims NEET, JEE aspirants ending life"
14,These two had the luckiest escape ever
15,Randeep Hooda hospitalised in Mumbai
16,Watch: Pride of lions saves lioness
17,Luxurious resorts for a holiday in Abu Dhabi
18,Airtel ultra-fast 4G: Now at Andaman & Nicobar!
19,"Covid live: '23 Punjab ministers, MLAs test +ve'"
20,This is the melodious album you need to hear
21,"Airtel, Voda Idea lose 47L subscribers each in May"
22,Porsche drives in 2021 Panamera Turbo S model
23,Women report irregular periods due to Covid stress
24,Can face masks impact your oxygen intake?
25,'Acted like I didn't understand what Dhoni said'
26,Balasubrahmanyam ‘conscious & responsive': Hosp
27,5 biggest smartphone companies in world
28,Prof. David Simchi-Levi at NITIE Webinar
