0,https://www.timespoints.com/products?utm_source=TOI&utm_medium=timespoint&utm_campaign=daily_checkin
1,https://jsso.indiatimes.com/sso/identity/profile/edit?channel=toi
2,https://www.timespoints.com/#/products?utm_source=TOI&utm_medium=Header_Dropdown&utm_campaign=TOI_HeaderDropdown
3,https://twitter.com/timesofindia
4,https://www.facebook.com/TimesofIndia
5,https://timesofindia.indiatimes.com/rss.cms
6,https://www.youtube.com/user/TimesOfIndiaChannel
7,https://timesofindia.indiatimes.com/maskindia
8,https://recipes.timesofindia.com/videos/videolist/52254947.cms
9,https://navbharattimes.indiatimes.com/video/videolist/4901865.cms
10,https://timesofindia.indiatimes.com/maskindia
11,https://www.facebook.com/toiworldnews
12,https://twitter.com/TOIBusinessNews
13,https://www.facebook.com/toibusiness
14,https://www.gadgetsnow.com?utm_source=toiweb&utm_medium=referral&utm_campaign=toiweb_hptopnav
15,https://www.gadgetsnow.com/latest-news?utm_source=toiweb&utm_medium=referral&utm_campaign=toiweb_hptopnav
16,https://www.gadgetsnow.com/mobile-phones?utm_source=toiweb&utm_medium=referral&utm_campaign=toiweb_hptopnav
17,https://www.gadgetsnow.com/reviews?utm_source=toiweb&utm_medium=referral&utm_campaign=toiweb_hptopnav
18,https://www.gadgetsnow.com/top-gadgets?utm_source=toiweb&utm_medium=referral&utm_campaign=toiweb_hptopnav
19,https://www.gadgetsnow.com/slideshows?utm_source=toiweb&utm_medium=referral&utm_campaign=toiweb_hptopnav
20,https://www.gadgetsnow.com/videos?utm_source=toiweb&utm_medium=referral&utm_campaign=toiweb_hptopnav
21,https://www.gadgetsnow.com/how-to?utm_source=toiweb&utm_medium=referral&utm_campaign=toiweb_hptopnav
22,https://www.gadgetsnow.com/featured?utm_source=toiweb&utm_medium=referral&utm_campaign=toiweb_hptopnav
23,https://twitter.com/gadgetsnow
24,https://www.facebook.com/GadgetsNow
25,https://plus.google.com/109344975424839033279
26,https://www.linkedin.com/company/gadgetsnow
27,https://www.youtube.com/channel/UC4Gez3KnLoxurTz5W3U6SuA
28,https://crpl.app.link/k13JKqoQxW
29,https://twitter.com/TOISportsNews
30,https://www.facebook.com/toisports
31,https://twitter.com/etimes
32,https://www.facebook.com/etimesofficial/
33,https://photogallery.indiatimes.com/tv
34,https://recipes.timesofindia.com
35,https://twitter.com/ETimesLifestyle
36,https://www.facebook.com/ETimesLifestyle
37,https://timesofindia.indiatimes.com/blogs/?utm_source=TOInewHP_TILwidget&utm_medium=NavLi&utm_campaign=TOInewHP
38,https://twitter.com/ETimesPhotos
39,https://www.facebook.com/etimesphotogallery/
40,https://www.pinterest.com/Etimesphotogallery/
41,https://timesofindia.indiatimes.com/etimes
42,https://beautypageants.indiatimes.com/Beauty-Queens-Celebrate-Eco-Friendly-Ganesh-Chaturthi-2020/eventshow/77718867.cms?utm_platform=Web&utm_source=TOIHP_Web&utm_medium=Referral&utm_campaign=TOI_BP_articleshow
43,https://photogallery.indiatimes.com/
44,https://photogallery.indiatimes.com/celebs/bollywood/tamannaah-bhatias-parents-test-positive-for-covid-19-actress-prays-for-speedy-recovery/articleshow/77764603.cms?utm_source=TOInewHP_TILwidget&utm_medium=ABtest&utm_campaign=TOInewHP
45,https://photogallery.indiatimes.com/celebs/bollywood/shocked-over-new-drug-angle-sushant-singh-rajputs-sister-calls-it-a-criminal-offence/articleshow/77758018.cms?utm_source=TOInewHP_TILwidget&utm_medium=ABtest&utm_campaign=TOInewHP
46,https://photogallery.indiatimes.com/sports/other-sports/great-khali/articleshow/77763721.cms?utm_source=TOInewHP_TILwidget&utm_medium=ABtest&utm_campaign=TOInewHP
47,https://photogallery.indiatimes.com/tv/stars/vikas-gupta-reacts-to-the-taboo-against-lgbt-says-its-not-a-disease/articleshow/77761159.cms?utm_source=TOInewHP_TILwidget&utm_medium=ABtest&utm_campaign=TOInewHP
48,https://photogallery.indiatimes.com/celebs/celeb-themes/international-dog-day-these-pictures-of-celebs-spending-time-with-their-pooches-will-give-you-some-pawsitivity/articleshow/77123658.cms?utm_source=TOInewHP_TILwidget&utm_medium=ABtest&utm_campaign=TOInewHP
49,https://photogallery.indiatimes.com/sports/other-sports/usain-bolt-and-pictures/articleshow/76871955.cms?utm_source=TOInewHP_TILwidget&utm_medium=ABtest&utm_campaign=TOInewHP
50,https://photogallery.indiatimes.com/tv/stars/sunayana-fozdar-replaces-neha-mehta-as-the-new-anjali-bhabhi-in-taarak-mehta-ka-ooltah-chashmah/articleshow/77756399.cms?utm_source=TOInewHP_TILwidget&utm_medium=ABtest&utm_campaign=TOInewHP
51,https://photogallery.indiatimes.com/celebs/bollywood/anupam-kher-pens-a-sweet-note-for-wife-kirron-kher-on-their-35th-anniversary-that-will-melt-your-heart/articleshow/77759100.cms?utm_source=TOInewHP_TILwidget&utm_medium=ABtest&utm_campaign=TOInewHP
52,https://photogallery.indiatimes.com/celebs/celeb-themes/pictures-of-celebs-participating-in-green-india-challenge-will-inspire-you-to-plant-a-sapling/articleshow/77745270.cms?utm_source=TOInewHP_TILwidget&utm_medium=ABtest&utm_campaign=TOInewHP
53,https://photogallery.indiatimes.com/news/world/pictures-of-mother-teresa/articleshow/77744309.cms?utm_source=TOInewHP_TILwidget&utm_medium=ABtest&utm_campaign=TOInewHP
54,https://photogallery.indiatimes.com/events/mumbai/pictures-from-salman-khan-iulia-vantur-srk-hritik-roshans-ganpati-visarjan/articleshow/77738920.cms?utm_source=TOInewHP_TILwidget&utm_medium=ABtest&utm_campaign=TOInewHP
55,https://photogallery.indiatimes.com/celebs/music/singer-amaal-mallik-engages-in-twitter-battle-with-salman-khan-fans-after-calling-shah-rukh-khan-his-favourite-actor/articleshow/77739255.cms?utm_source=TOInewHP_TILwidget&utm_medium=ABtest&utm_campaign=TOInewHP
56,https://photogallery.indiatimes.com/celebs/celeb-themes/memes-of-the-batman-star-robert-pattinson-that-are-going-viral-online/articleshow/77738486.cms?utm_source=TOInewHP_TILwidget&utm_medium=ABtest&utm_campaign=TOInewHP
57,https://photogallery.indiatimes.com/celebs/bollywood/unseen-pictures-of-sushant-singh-rajput-from-his-sisters-wedding-go-viral/articleshow/76443518.cms?utm_source=TOInewHP_TILwidget&utm_medium=ABtest&utm_campaign=TOInewHP
58,https://photogallery.indiatimes.com/tv/stars/hina-khan-celebrates-mothers-birthday-with-boyfriend-rocky-jaiswal/articleshow/77739254.cms?utm_source=TOInewHP_TILwidget&utm_medium=ABtest&utm_campaign=TOInewHP
59,https://recipes.timesofindia.com/videos/videolist/52254947.cms
60,https://timesofindia.indiatimes.com/news
61,https://timesofindia.indiatimes.com/coronavirus
62,https://timesofindia.indiatimes.com/travel/destinations/looking-to-unwind-outside-the-city-abu-dhabis-stunning-resorts-islands-and-parks-are-ideal-for-some-quiet-time/as77125630.cms
63,https://timesofindia.indiatimes.com/life-style/health-fitness/health-news/can-face-masks-impact-your-oxygen-intake-or-cause-carbon-dioxide-retention/photostory/77762577.cms
64,https://www.gadgetsnow.com/slideshows/5-biggest-smartphone-companies-in-the-world/photolist/77750344.cms?utm_source=toiweb&utm_medium=referral&utm_campaign=toiweb_hptopnews
